<?xml version="1.0" encoding="UTF-8"?>
<beans xmlns="http://www.springframework.org/schema/beans"
	xmlns:xsi="http://www.w3.org/2001/XMLSchema-instance" xmlns:context="http://www.springframework.org/schema/context"
	xsi:schemaLocation="http://www.springframework.org/schema/beans http://www.springframework.org/schema/beans/spring-beans.xsd
		 http://www.springframework.org/schema/context http://www.springframework.org/schema/context/spring-context.xsd">

	<bean id="propertyConfigurer"
		class="org.springframework.beans.factory.config.PropertyPlaceholderConfigurer">
		<property name="locations">			
			<list>
				<value>file:D:\AmitData\ApplicationPath\SMSCReceiver\conf\smppConfig.properties
				</value>
			</list>
	</property>  
		  
				
	</bean>
	<!--
	<list>
		<value>classpath:smppConfig.properties
		</value>
	</list>
	
		  <property name="location">
			<value>smppConfig.properties</value>
		</property>
	
	-->

	<bean id="fileConfig" class="com.vtl.smsc.config.FileConfig">
		<property name="localFilePath" value="${CONFIG_FILE_PATH}" />
	</bean>



</beans>