<beans xmlns="http://www.springframework.org/schema/beans"
	xmlns:xsi="http://www.w3.org/2001/XMLSchema-instance" xmlns:context="http://www.springframework.org/schema/context"
	xsi:schemaLocation="http://www.springframework.org/schema/beans
http://www.springframework.org/schema/beans/spring-beans-3.1.xsd
http://www.springframework.org/schema/context
http://www.springframework.org/schema/context/spring-context-3.1.xsd">

	<!-- 
	<context:component-scan base-package="com.vtl.thread" />
 	-->
	<bean id="taskExecutor"
		class="org.springframework.scheduling.concurrent.ThreadPoolTaskExecutor">
		<property name="corePoolSize" value="5" />
		<property name="maxPoolSize" value="10" />
		<property name="WaitForTasksToCompleteOnShutdown" value="true" />
	</bean>
	
	<bean id="InvokSmscReceiver" class="com.vtl.smsc.invoker.InvokerSmscReceiver">
			<property name="SmscReceiverImpl" ref="SmscImpl"></property>
		</bean>
	<bean id="SmscImpl" class="com.vtl.smsc.service.impl.SmscReceiverImpl"></bean>
</beans>