<?xml version="1.0" encoding="UTF-8"?>
<beans xmlns="http://www.springframework.org/schema/beans"
	xmlns:xsi="http://www.w3.org/2001/XMLSchema-instance" xmlns:context="http://www.springframework.org/schema/context"
	xsi:schemaLocation="http://www.springframework.org/schema/beans http://www.springframework.org/schema/beans/spring-beans.xsd
		 http://www.springframework.org/schema/context http://www.springframework.org/schema/context/spring-context.xsd">

	<import resource="context-common.xml" />
	
	<bean id="Executor"
		class="org.springframework.scheduling.concurrent.ThreadPoolTaskExecutor">
		<property name="corePoolSize" value="5" />
		<property name="maxPoolSize" value="10" />
		<property name="WaitForTasksToCompleteOnShutdown" value="true" />
	</bean>


				
	<bean id="smscReceiver" class="com.vtl.smsc.service.SmscReceiver">
		<property name="smppConfig" ref="smppConfig"></property>
		<property name="SmscMain" ref="smscProcess"></property>
		<property name="fileConfig" ref="fileConfig"></property>
		<property name="taskExecutor" ref="Executor"></property>						
	</bean>
	<bean id="smppConfig" class="com.vtl.smsc.pojo.SmppConfig"></bean>
	<bean id="smscProcess" class="com.vtl.smsc.SmscProcess">
			<property name="taskExecutor" ref="Executor"></property>	
	</bean>
	
	<bean id="baseLoadCronTrigger" class="org.springframework.scheduling.quartz.CronTriggerBean">
			<property name="jobDetail" ref="baseLoadJob" />
			<property name="cronExpression" value="0 0/2 * * * ?" />
			<!--  
			<property name="cronExpression" value="${CRON_SCHEDULER_BASE_UPLOAD_CACHE}" />
			-->
	</bean>
	<!-- 
	 Run per Every 5 seconds time expression as pr Unix Cron.
	  <property name="cronExpression" value="0/5 * * * * ?" />
	  At Ever 50 minuts
	  <property name="cronExpression" value="0 0/50 * * * ?" />
	 -->
	
	<bean id="baseLoadJob"
			class="org.springframework.scheduling.quartz.MethodInvokingJobDetailFactoryBean">
			<property name="targetObject" ref="smscReceiver" />
			<property name="targetMethod" value="initBean" />
	</bean>	
	<bean class="org.springframework.scheduling.quartz.SchedulerFactoryBean">
		<property name="jobDetails">
			<list>
				<ref bean="baseLoadJob" />
				
			</list>
		</property>
		<property name="triggers">
			<list>
				<ref bean="baseLoadCronTrigger" />

			</list>
		</property>
	</bean>
	
	</beans>